unsat_13pipe_k.cnf,2001
unsat_ak032modbtmodbtisc.cnf,2001
unsat_at-least-two-aaai10-planning-ipc5-pipesworld-12-step15.cnf,581
unsat_at-least-two-traffic_b_unsat.cnf,297
unsat_at-least-two-traffic_f_unknown.cnf,232
unsat_at-least-two-traffic_kkb_unknown.cnf,286
unsat_at-least-two-traffic_pcb_unknown.cnf,283
unsat_at-least-two-vmpc_26.cnf,94
unsat_crafted_n10_d6_c4_num15.cnf,1562
unsat_crafted_n10_d6_c4_num21.cnf,1206
unsat_crafted_n11_d6_c4_num14.cnf,2001
unsat_crafted_n12_d6_c3_num18.cnf,1847
unsat_ctl_4201_555_unsat.cnf,2001
unsat_ctl_4291_567_9_unsat.cnf,1664
unsat_edit_distance041_183.cnf,188
unsat_Kakuro-easy-051-ext.xml.hg_4.cnf,2002
unsat_ktf_TF-3.tf_3_0.02_24.cnf,176
unsat_mp1-blockpuzzle_9x9_s5_free3.cnf,889
unsat_mp1-klieber2017s-2000-022-eq.cnf,254
unsat_mp1-Nb6T06.cnf,89
unsat_Mycielski-11-hints-2.cnf,2001
unsat_shift1add.26949.cnf,102
unsat_sokoban-p20.sas.cr.21.cnf,868
unsat_sp4-33-bin-nons-flat-noid.cnf,300
unsat_spg_200_301.cnf,217
unsat_spg_330_400.cnf,2001
unsat_string_compare_safety_cbmc_unwinding_780.cnf,2001
unsat_string_compare_safety_cbmc_unwinding_800.cnf,2001
unsat_string_compare_safety_cbmc_unwinding_870.cnf,2001
unsat_test_v7_r12_vr1_c1_s10576.smt2.cnf,848
