"BM_prop_random/0/1/2/8192",114,6.61572,6.61573,ms,,,,,
"BM_prop_random/1/1/2/8192",100,5.26339,5.26342,ms,,,,,
"BM_prop_random/2/1/2/8192",120,6.76249,6.76246,ms,,,,,
"BM_prop_random/3/1/2/8192",44,16.011,16.0112,ms,,,,,
"BM_prop_random/4/1/2/8192",165,4.25486,4.25483,ms,,,,,
"BM_prop_random/5/1/2/8192",133,4.90356,4.90356,ms,,,,,
"BM_prop_random/6/1/2/8192",305,2.23997,2.23998,ms,,,,,
"BM_prop_random/7/1/2/8192",92,7.26762,7.26758,ms,,,,,
"BM_prop_random/8/1/2/8192",277,2.37746,2.37742,ms,,,,,
"BM_prop_random/0/4/2/8192",1000,7.03755,0.180089,ms,,,,,
"BM_prop_random/1/4/2/8192",1000,5.53593,0.191989,ms,,,,,
"BM_prop_random/2/4/2/8192",1000,6.61287,0.168065,ms,,,,,
"BM_prop_random/3/4/2/8192",1000,16.0728,0.150529,ms,,,,,
"BM_prop_random/4/4/2/8192",1000,4.72688,0.162611,ms,,,,,
"BM_prop_random/5/4/2/8192",1000,5.32691,0.147523,ms,,,,,
"BM_prop_random/6/4/2/8192",1000,2.5826,0.133606,ms,,,,,
"BM_prop_random/7/4/2/8192",1000,7.38695,0.172632,ms,,,,,
"BM_prop_random/8/4/2/8192",1000,2.73778,0.151387,ms,,,,,
"BM_prop_random/0/16/2/8192",1000,7.0826,0.172008,ms,,,,,
"BM_prop_random/1/16/2/8192",1000,5.60762,0.168076,ms,,,,,
"BM_prop_random/2/16/2/8192",1000,6.57055,0.176245,ms,,,,,
"BM_prop_random/3/16/2/8192",1000,16.2361,0.167589,ms,,,,,
"BM_prop_random/4/16/2/8192",1000,4.55966,0.136748,ms,,,,,
"BM_prop_random/5/16/2/8192",1000,5.302,0.170323,ms,,,,,
"BM_prop_random/6/16/2/8192",1000,2.57572,0.139838,ms,,,,,
"BM_prop_random/7/16/2/8192",1000,7.69227,0.178046,ms,,,,,
"BM_prop_random/8/16/2/8192",1000,2.73564,0.141399,ms,,,,,
"BM_prop_random/0/1/6/8192",29,22.9242,22.9242,ms,,,,,
"BM_prop_random/1/1/6/8192",35,18.4255,18.4256,ms,,,,,
"BM_prop_random/2/1/6/8192",29,24.2298,24.2299,ms,,,,,
"BM_prop_random/3/1/6/8192",21,34.4024,34.4026,ms,,,,,
"BM_prop_random/4/1/6/8192",73,9.92086,9.92073,ms,,,,,
"BM_prop_random/5/1/6/8192",62,11.9053,11.9053,ms,,,,,
"BM_prop_random/6/1/6/8192",90,7.98604,7.98572,ms,,,,,
"BM_prop_random/7/1/6/8192",27,26.5738,26.5741,ms,,,,,
"BM_prop_random/8/1/6/8192",115,6.14257,6.14256,ms,,,,,
"BM_prop_random/0/4/6/8192",1000,22.7779,0.169234,ms,,,,,
"BM_prop_random/1/4/6/8192",1000,17.8956,0.15707,ms,,,,,
"BM_prop_random/2/4/6/8192",1000,23.1846,0.168886,ms,,,,,
"BM_prop_random/3/4/6/8192",100,31.9393,0.184676,ms,,,,,
"BM_prop_random/4/4/6/8192",1000,10.2401,0.168448,ms,,,,,
"BM_prop_random/5/4/6/8192",1000,12.0327,0.183884,ms,,,,,
"BM_prop_random/6/4/6/8192",1000,8.587,0.166753,ms,,,,,
"BM_prop_random/7/4/6/8192",100,26.6016,0.166368,ms,,,,,
"BM_prop_random/8/4/6/8192",1000,6.47783,0.168707,ms,,,,,
"BM_prop_random/0/16/6/8192",1000,22.5145,0.18015,ms,,,,,
"BM_prop_random/1/16/6/8192",1000,18.0224,0.176881,ms,,,,,
"BM_prop_random/2/16/6/8192",1000,23.0273,0.164446,ms,,,,,
"BM_prop_random/3/16/6/8192",100,32.2666,0.175086,ms,,,,,
"BM_prop_random/4/16/6/8192",1000,10.1327,0.162635,ms,,,,,
"BM_prop_random/5/16/6/8192",1000,11.8537,0.167931,ms,,,,,
"BM_prop_random/6/16/6/8192",1000,8.27512,0.170869,ms,,,,,
"BM_prop_random/7/16/6/8192",100,25.8413,0.158153,ms,,,,,
"BM_prop_random/8/16/6/8192",1000,6.35759,0.175887,ms,,,,,
"BM_prop_random/0/1/10/8192",17,37.4051,37.4047,ms,,,,,
"BM_prop_random/1/1/10/8192",20,34.0419,34.042,ms,,,,,
"BM_prop_random/2/1/10/8192",15,44.0249,44.0251,ms,,,,,
"BM_prop_random/3/1/10/8192",31,23.4757,23.4757,ms,,,,,
"BM_prop_random/4/1/10/8192",73,10.5652,10.5649,ms,,,,,
"BM_prop_random/5/1/10/8192",58,12.6729,12.6723,ms,,,,,
"BM_prop_random/6/1/10/8192",54,13.1617,13.1617,ms,,,,,
"BM_prop_random/7/1/10/8192",11,53.2424,53.2426,ms,,,,,
"BM_prop_random/8/1/10/8192",79,8.74716,8.7471,ms,,,,,
"BM_prop_random/0/4/10/8192",100,41.3254,0.147274,ms,,,,,
"BM_prop_random/1/4/10/8192",100,36.1651,0.180876,ms,,,,,
"BM_prop_random/2/4/10/8192",100,46.8325,0.174834,ms,,,,,
"BM_prop_random/3/4/10/8192",1000,23.1539,0.161569,ms,,,,,
"BM_prop_random/4/4/10/8192",1000,11.1826,0.180234,ms,,,,,
"BM_prop_random/5/4/10/8192",1000,13.5301,0.170214,ms,,,,,
"BM_prop_random/6/4/10/8192",1000,14.1014,0.203022,ms,,,,,
"BM_prop_random/7/4/10/8192",100,50.0024,0.174677,ms,,,,,
"BM_prop_random/8/4/10/8192",1000,9.19784,0.112428,ms,,,,,
"BM_prop_random/0/16/10/8192",100,41.1273,0.169109,ms,,,,,
"BM_prop_random/1/16/10/8192",100,35.2313,0.168745,ms,,,,,
"BM_prop_random/2/16/10/8192",100,46.6444,0.167553,ms,,,,,
"BM_prop_random/3/16/10/8192",1000,23.4096,0.18288,ms,,,,,
"BM_prop_random/4/16/10/8192",1000,11.2537,0.166308,ms,,,,,
"BM_prop_random/5/16/10/8192",1000,13.6398,0.171581,ms,,,,,
"BM_prop_random/6/16/10/8192",1000,13.986,0.190187,ms,,,,,
"BM_prop_random/7/16/10/8192",100,48.8148,0.165204,ms,,,,,
"BM_prop_random/8/16/10/8192",1000,9.29096,0.184394,ms,,,,,
"BM_prop_random/0/1/14/8192",10,59.7255,59.7262,ms,,,,,
"BM_prop_random/1/1/14/8192",11,56.766,56.7658,ms,,,,,
"BM_prop_random/2/1/14/8192",8,81.7465,81.7472,ms,,,,,
"BM_prop_random/3/1/14/8192",49,14.4752,14.4751,ms,,,,,
"BM_prop_random/4/1/14/8192",70,10.0564,10.0563,ms,,,,,
"BM_prop_random/5/1/14/8192",59,12.3118,12.3117,ms,,,,,
"BM_prop_random/6/1/14/8192",43,15.3151,15.3151,ms,,,,,
"BM_prop_random/7/1/14/8192",10,76.2204,76.2198,ms,,,,,
"BM_prop_random/8/1/14/8192",67,10.8116,10.8115,ms,,,,,
"BM_prop_random/0/4/14/8192",100,61.9976,0.160816,ms,,,,,
"BM_prop_random/1/4/14/8192",100,56.1335,0.15725,ms,,,,,
"BM_prop_random/2/4/14/8192",100,73.2496,0.172566,ms,,,,,
"BM_prop_random/3/4/14/8192",1000,14.8424,0.187393,ms,,,,,
"BM_prop_random/4/4/14/8192",1000,10.4338,0.170639,ms,,,,,
"BM_prop_random/5/4/14/8192",1000,12.68,0.174848,ms,,,,,
"BM_prop_random/6/4/14/8192",1000,16.808,0.177443,ms,,,,,
"BM_prop_random/7/4/14/8192",100,77.0023,0.187926,ms,,,,,
"BM_prop_random/8/4/14/8192",1000,11.3779,0.183618,ms,,,,,
"BM_prop_random/0/16/14/8192",100,60.5599,0.155172,ms,,,,,
"BM_prop_random/1/16/14/8192",100,53.3484,0.170756,ms,,,,,
"BM_prop_random/2/16/14/8192",100,71.645,0.176346,ms,,,,,
"BM_prop_random/3/16/14/8192",1000,14.9666,0.159408,ms,,,,,
"BM_prop_random/4/16/14/8192",1000,10.5558,0.179311,ms,,,,,
"BM_prop_random/5/16/14/8192",1000,12.7996,0.16574,ms,,,,,
"BM_prop_random/6/16/14/8192",1000,16.6653,0.168323,ms,,,,,
"BM_prop_random/7/16/14/8192",100,75.3725,0.163757,ms,,,,,
"BM_prop_random/8/16/14/8192",1000,11.273,0.172243,ms,,,,,
"BM_prop_random/0/1/18/8192",8,80.4764,80.4769,ms,,,,,
"BM_prop_random/1/1/18/8192",10,77.7904,77.7915,ms,,,,,
"BM_prop_random/2/1/18/8192",7,94.8453,94.8459,ms,,,,,
"BM_prop_random/3/1/18/8192",73,10.4076,10.4075,ms,,,,,
"BM_prop_random/4/1/18/8192",80,9.45628,9.4563,ms,,,,,
"BM_prop_random/5/1/18/8192",71,11.7396,11.7396,ms,,,,,
"BM_prop_random/6/1/18/8192",46,16.1151,16.1148,ms,,,,,
"BM_prop_random/7/1/18/8192",8,102.245,102.245,ms,,,,,
"BM_prop_random/8/1/18/8192",67,12.4465,12.4466,ms,,,,,
"BM_prop_random/0/4/18/8192",100,82.4853,0.169584,ms,,,,,
"BM_prop_random/1/4/18/8192",100,81.148,0.182943,ms,,,,,
"BM_prop_random/2/4/18/8192",100,108.996,0.168139,ms,,,,,
"BM_prop_random/3/4/18/8192",1000,10.5325,0.175811,ms,,,,,
"BM_prop_random/4/4/18/8192",1000,9.60346,0.176654,ms,,,,,
"BM_prop_random/5/4/18/8192",1000,11.5769,0.200574,ms,,,,,
"BM_prop_random/6/4/18/8192",1000,16.2679,0.176531,ms,,,,,
"BM_prop_random/7/4/18/8192",100,97.0284,0.207918,ms,,,,,
"BM_prop_random/8/4/18/8192",1000,12.564,0.177015,ms,,,,,
"BM_prop_random/0/16/18/8192",100,80.4085,0.176484,ms,,,,,
"BM_prop_random/1/16/18/8192",100,76.4297,0.192817,ms,,,,,
"BM_prop_random/2/16/18/8192",100,104.577,0.195006,ms,,,,,
"BM_prop_random/3/16/18/8192",1000,10.5649,0.186796,ms,,,,,
"BM_prop_random/4/16/18/8192",1000,9.6565,0.185061,ms,,,,,
"BM_prop_random/5/16/18/8192",1000,11.475,0.169143,ms,,,,,
"BM_prop_random/6/16/18/8192",1000,16.1309,0.170774,ms,,,,,
"BM_prop_random/7/16/18/8192",100,95.1582,0.158614,ms,,,,,
"BM_prop_random/8/16/18/8192",1000,12.6768,0.168941,ms,,,,,
"BM_prop_random/0/1/2/16384",47,13.2172,13.2173,ms,,,,,
"BM_prop_random/1/1/2/16384",66,10.3172,10.3173,ms,,,,,
"BM_prop_random/2/1/2/16384",55,12.3063,12.3062,ms,,,,,
"BM_prop_random/3/1/2/16384",22,32.1864,32.1861,ms,,,,,
"BM_prop_random/4/1/2/16384",82,8.55529,8.55516,ms,,,,,
"BM_prop_random/5/1/2/16384",69,10.0677,10.0677,ms,,,,,
"BM_prop_random/6/1/2/16384",152,4.57589,4.57574,ms,,,,,
"BM_prop_random/7/1/2/16384",49,14.5235,14.5236,ms,,,,,
"BM_prop_random/8/1/2/16384",146,4.81852,4.81847,ms,,,,,
"BM_prop_random/0/4/2/16384",1000,13.8827,0.16084,ms,,,,,
"BM_prop_random/1/4/2/16384",1000,10.8398,0.177324,ms,,,,,
"BM_prop_random/2/4/2/16384",1000,12.7213,0.172527,ms,,,,,
"BM_prop_random/3/4/2/16384",100,31.9416,0.204173,ms,,,,,
"BM_prop_random/4/4/2/16384",1000,8.90737,0.160106,ms,,,,,
"BM_prop_random/5/4/2/16384",1000,10.4319,0.167176,ms,,,,,
"BM_prop_random/6/4/2/16384",1000,5.08196,0.17131,ms,,,,,
"BM_prop_random/7/4/2/16384",1000,15.2107,0.174646,ms,,,,,
"BM_prop_random/8/4/2/16384",1000,5.16456,0.14925,ms,,,,,
"BM_prop_random/0/16/2/16384",1000,13.9474,0.16725,ms,,,,,
"BM_prop_random/1/16/2/16384",1000,10.853,0.165715,ms,,,,,
"BM_prop_random/2/16/2/16384",1000,12.8952,0.173267,ms,,,,,
"BM_prop_random/3/16/2/16384",100,32.3903,0.170792,ms,,,,,
"BM_prop_random/4/16/2/16384",1000,8.87131,0.164585,ms,,,,,
"BM_prop_random/5/16/2/16384",1000,10.2914,0.173499,ms,,,,,
"BM_prop_random/6/16/2/16384",1000,4.90243,0.171966,ms,,,,,
"BM_prop_random/7/16/2/16384",1000,15.1486,0.177303,ms,,,,,
"BM_prop_random/8/16/2/16384",1000,5.05824,0.15534,ms,,,,,
"BM_prop_random/0/1/6/16384",17,42.6268,42.6271,ms,,,,,
"BM_prop_random/1/1/6/16384",19,33.4527,33.4531,ms,,,,,
"BM_prop_random/2/1/6/16384",13,47.2902,47.2908,ms,,,,,
"BM_prop_random/3/1/6/16384",12,57.0225,57.0221,ms,,,,,
"BM_prop_random/4/1/6/16384",37,19.0518,19.0514,ms,,,,,
"BM_prop_random/5/1/6/16384",31,22.0853,22.0844,ms,,,,,
"BM_prop_random/6/1/6/16384",44,15.2634,15.2627,ms,,,,,
"BM_prop_random/7/1/6/16384",15,44.902,44.9019,ms,,,,,
"BM_prop_random/8/1/6/16384",61,11.471,11.4709,ms,,,,,
"BM_prop_random/0/4/6/16384",100,43.5199,0.196394,ms,,,,,
"BM_prop_random/1/4/6/16384",100,35.6823,0.177879,ms,,,,,
"BM_prop_random/2/4/6/16384",100,46.7541,0.159361,ms,,,,,
"BM_prop_random/3/4/6/16384",100,64.34,0.172446,ms,,,,,
"BM_prop_random/4/4/6/16384",1000,19.9451,0.174285,ms,,,,,
"BM_prop_random/5/4/6/16384",1000,23.5431,0.181383,ms,,,,,
"BM_prop_random/6/4/6/16384",1000,16.2201,0.172701,ms,,,,,
"BM_prop_random/7/4/6/16384",100,51.9739,0.172589,ms,,,,,
"BM_prop_random/8/4/6/16384",1000,12.594,0.175197,ms,,,,,
"BM_prop_random/0/16/6/16384",100,43.2201,0.180929,ms,,,,,
"BM_prop_random/1/16/6/16384",100,35.7573,0.163347,ms,,,,,
"BM_prop_random/2/16/6/16384",100,46.5947,0.189695,ms,,,,,
"BM_prop_random/3/16/6/16384",100,63.8986,0.181539,ms,,,,,
"BM_prop_random/4/16/6/16384",1000,20.2412,0.170442,ms,,,,,
"BM_prop_random/5/16/6/16384",1000,23.6027,0.164699,ms,,,,,
"BM_prop_random/6/16/6/16384",1000,16.4815,0.178795,ms,,,,,
"BM_prop_random/7/16/6/16384",100,51.8762,0.174041,ms,,,,,
"BM_prop_random/8/16/6/16384",1000,12.4578,0.160344,ms,,,,,
"BM_prop_random/0/1/10/16384",6,90.3608,90.3647,ms,,,,,
"BM_prop_random/1/1/10/16384",10,63.0917,63.0952,ms,,,,,
"BM_prop_random/2/1/10/16384",8,86.1411,86.1453,ms,,,,,
"BM_prop_random/3/1/10/16384",15,45.483,45.485,ms,,,,,
"BM_prop_random/4/1/10/16384",34,21.0657,21.0669,ms,,,,,
"BM_prop_random/5/1/10/16384",28,25.9032,25.9043,ms,,,,,
"BM_prop_random/6/1/10/16384",28,26.1739,26.1754,ms,,,,,
"BM_prop_random/7/1/10/16384",5,106.694,106.694,ms,,,,,
"BM_prop_random/8/1/10/16384",37,18.3966,18.3975,ms,,,,,
"BM_prop_random/0/4/10/16384",100,84.4364,0.166099,ms,,,,,
"BM_prop_random/1/4/10/16384",100,72.5446,0.182227,ms,,,,,
"BM_prop_random/2/4/10/16384",100,93.8355,0.206875,ms,,,,,
"BM_prop_random/3/4/10/16384",100,46.6342,0.185565,ms,,,,,
"BM_prop_random/4/4/10/16384",1000,22.2502,0.166795,ms,,,,,
"BM_prop_random/5/4/10/16384",100,27.087,0.17613,ms,,,,,
"BM_prop_random/6/4/10/16384",100,26.9793,0.176712,ms,,,,,
"BM_prop_random/7/4/10/16384",100,98.4701,0.169682,ms,,,,,
"BM_prop_random/8/4/10/16384",1000,19.665,0.189501,ms,,,,,
"BM_prop_random/0/16/10/16384",10,305.533,0.141815,ms,,,,,
"BM_prop_random/1/16/10/16384",10,282.553,0.157333,ms,,,,,
"BM_prop_random/2/16/10/16384",10,250.517,0.183179,ms,,,,,
"BM_prop_random/3/16/10/16384",100,59.1134,0.189793,ms,,,,,
"BM_prop_random/4/16/10/16384",100,25.5987,0.185444,ms,,,,,
"BM_prop_random/5/16/10/16384",100,33.3467,0.179147,ms,,,,,
"BM_prop_random/6/16/10/16384",100,27.9947,0.144311,ms,,,,,
"BM_prop_random/7/16/10/16384",100,97.5569,0.176465,ms,,,,,
"BM_prop_random/8/16/10/16384",1000,18.2619,0.171744,ms,,,,,
"BM_prop_random/0/1/14/16384",4,132.464,132.47,ms,,,,,
"BM_prop_random/1/1/14/16384",5,116.699,116.704,ms,,,,,
"BM_prop_random/2/1/14/16384",3,244.517,244.104,ms,,,,,
"BM_prop_random/3/1/14/16384",10,52.2207,52.2215,ms,,,,,
"BM_prop_random/4/1/14/16384",16,58.29,50.6538,ms,,,,,
"BM_prop_random/5/1/14/16384",12,68.833,68.4769,ms,,,,,
"BM_prop_random/6/1/14/16384",11,71.7792,70.3949,ms,,,,,
"BM_prop_random/7/1/14/16384",3,223.256,223.261,ms,,,,,
"BM_prop_random/8/1/14/16384",23,23.1605,23.1593,ms,,,,,
"BM_prop_random/0/4/14/16384",100,120.619,0.165001,ms,,,,,
"BM_prop_random/1/4/14/16384",100,109.732,0.226009,ms,,,,,
"BM_prop_random/2/4/14/16384",100,146.276,0.205743,ms,,,,,
"BM_prop_random/3/4/14/16384",100,28.548,0.174121,ms,,,,,
"BM_prop_random/4/4/14/16384",1000,20.3739,0.17566,ms,,,,,
"BM_prop_random/5/4/14/16384",1000,25.0152,0.17496,ms,,,,,
"BM_prop_random/6/4/14/16384",100,32.0221,0.206272,ms,,,,,
"BM_prop_random/7/4/14/16384",100,154.165,0.193038,ms,,,,,
"BM_prop_random/8/4/14/16384",1000,22.046,0.155599,ms,,,,,
"BM_prop_random/0/16/14/16384",100,120.79,0.192478,ms,,,,,
"BM_prop_random/1/16/14/16384",100,106.408,0.178221,ms,,,,,
"BM_prop_random/2/16/14/16384",100,143.183,0.182677,ms,,,,,
"BM_prop_random/3/16/14/16384",100,28.8575,0.190152,ms,,,,,
"BM_prop_random/4/16/14/16384",1000,20.3037,0.18255,ms,,,,,
"BM_prop_random/5/16/14/16384",100,25.3509,0.176221,ms,,,,,
"BM_prop_random/6/16/14/16384",100,31.9512,0.16658,ms,,,,,
"BM_prop_random/7/16/14/16384",100,148.311,0.17047,ms,,,,,
"BM_prop_random/8/16/14/16384",1000,22.0333,0.175532,ms,,,,,
"BM_prop_random/0/1/18/16384",5,153.988,153.907,ms,,,,,
"BM_prop_random/1/1/18/16384",4,149.897,149.885,ms,,,,,
"BM_prop_random/2/1/18/16384",2,279.569,279.562,ms,,,,,
"BM_prop_random/3/1/18/16384",36,20.337,20.3373,ms,,,,,
"BM_prop_random/4/1/18/16384",39,18.514,18.5147,ms,,,,,
"BM_prop_random/5/1/18/16384",33,21.8535,21.8539,ms,,,,,
"BM_prop_random/6/1/18/16384",22,30.0881,30.0876,ms,,,,,
"BM_prop_random/7/1/18/16384",4,175.11,175.004,ms,,,,,
"BM_prop_random/8/1/18/16384",28,24.5683,24.5528,ms,,,,,
"BM_prop_random/0/4/18/16384",100,167.046,0.16669,ms,,,,,
"BM_prop_random/1/4/18/16384",100,159.712,0.191546,ms,,,,,
"BM_prop_random/2/4/18/16384",100,216.03,0.151848,ms,,,,,
"BM_prop_random/3/4/18/16384",1000,20.3114,0.167741,ms,,,,,
"BM_prop_random/4/4/18/16384",1000,18.4575,0.167869,ms,,,,,
"BM_prop_random/5/4/18/16384",1000,22.1837,0.172634,ms,,,,,
"BM_prop_random/6/4/18/16384",100,32.5673,0.219047,ms,,,,,
"BM_prop_random/7/4/18/16384",100,191.829,0.166394,ms,,,,,
"BM_prop_random/8/4/18/16384",100,25.8499,0.166816,ms,,,,,
"BM_prop_random/0/16/18/16384",100,161.808,0.190444,ms,,,,,
"BM_prop_random/1/16/18/16384",100,154.198,0.180896,ms,,,,,
"BM_prop_random/2/16/18/16384",100,208.067,0.188936,ms,,,,,
"BM_prop_random/3/16/18/16384",1000,20.2969,0.164728,ms,,,,,
"BM_prop_random/4/16/18/16384",1000,18.5513,0.190315,ms,,,,,
"BM_prop_random/5/16/18/16384",1000,22.2095,0.194526,ms,,,,,
"BM_prop_random/6/16/18/16384",100,32.3341,0.228618,ms,,,,,
"BM_prop_random/7/16/18/16384",100,188.952,0.183392,ms,,,,,
"BM_prop_random/8/16/18/16384",100,25.5595,0.168739,ms,,,,,
"BM_prop_random/0/1/2/32768",26,28.1197,28.1204,ms,,,,,
"BM_prop_random/1/1/2/32768",43,20.0895,20.0899,ms,,,,,
"BM_prop_random/2/1/2/32768",34,23.0256,23.0258,ms,,,,,
"BM_prop_random/3/1/2/32768",11,63.4074,63.4085,ms,,,,,
"BM_prop_random/4/1/2/32768",41,16.9903,16.9906,ms,,,,,
"BM_prop_random/5/1/2/32768",35,19.7,19.7001,ms,,,,,
"BM_prop_random/6/1/2/32768",77,9.21044,9.21064,ms,,,,,
"BM_prop_random/7/1/2/32768",27,30.8554,30.8559,ms,,,,,
"BM_prop_random/8/1/2/32768",74,9.44508,9.44517,ms,,,,,
"BM_prop_random/0/4/2/32768",1000,13.7688,0.237084,ms,,,,,
"BM_prop_random/1/4/2/32768",1000,11.2876,0.230285,ms,,,,,
"BM_prop_random/2/4/2/32768",1000,12.9766,0.216548,ms,,,,,
"BM_prop_random/3/4/2/32768",100,32.5689,0.297888,ms,,,,,
"BM_prop_random/4/4/2/32768",1000,9.36514,0.234036,ms,,,,,
"BM_prop_random/5/4/2/32768",1000,11.0966,0.255401,ms,,,,,
"BM_prop_random/6/4/2/32768",1000,5.20617,0.238297,ms,,,,,
"BM_prop_random/7/4/2/32768",1000,15.6608,0.210614,ms,,,,,
"BM_prop_random/8/4/2/32768",1000,5.34149,0.268754,ms,,,,,
"BM_prop_random/0/16/2/32768",1000,14.6247,0.22065,ms,,,,,
"BM_prop_random/1/16/2/32768",1000,11.5689,0.214035,ms,,,,,
"BM_prop_random/2/16/2/32768",1000,13.8365,0.22337,ms,,,,,
"BM_prop_random/3/16/2/32768",100,34.9616,0.19211,ms,,,,,
"BM_prop_random/4/16/2/32768",1000,9.99437,0.203325,ms,,,,,
"BM_prop_random/5/16/2/32768",1000,10.3873,0.203758,ms,,,,,
"BM_prop_random/6/16/2/32768",1000,5.25361,0.202972,ms,,,,,
"BM_prop_random/7/16/2/32768",1000,15.2761,0.218471,ms,,,,,
"BM_prop_random/8/16/2/32768",1000,6.61977,0.206266,ms,,,,,
"BM_prop_random/0/1/6/32768",2,295.65,283.041,ms,,,,,
"BM_prop_random/1/1/6/32768",3,213.382,213.274,ms,,,,,
"BM_prop_random/2/1/6/32768",3,245.001,244.901,ms,,,,,
"BM_prop_random/3/1/6/32768",2,330.854,329.94,ms,,,,,
"BM_prop_random/4/1/6/32768",7,102.968,102.862,ms,,,,,
"BM_prop_random/5/1/6/32768",7,115.325,115.264,ms,,,,,
"BM_prop_random/6/1/6/32768",11,81.8543,79.6967,ms,,,,,
"BM_prop_random/7/1/6/32768",2,299.438,298.666,ms,,,,,
"BM_prop_random/8/1/6/32768",12,64.4108,63.512,ms,,,,,
"BM_prop_random/0/4/6/32768",100,65.6925,0.127366,ms,,,,,
"BM_prop_random/1/4/6/32768",100,46.7341,0.208342,ms,,,,,
"BM_prop_random/2/4/6/32768",100,56.1736,0.213219,ms,,,,,
"BM_prop_random/3/4/6/32768",100,66.3083,0.281131,ms,,,,,
"BM_prop_random/4/4/6/32768",1000,20.5183,0.259482,ms,,,,,
"BM_prop_random/5/4/6/32768",1000,24.181,0.285476,ms,,,,,
"BM_prop_random/6/4/6/32768",1000,16.5634,0.23578,ms,,,,,
"BM_prop_random/7/4/6/32768",100,52.6615,0.280468,ms,,,,,
"BM_prop_random/8/4/6/32768",1000,12.8702,0.278424,ms,,,,,
"BM_prop_random/0/16/6/32768",100,150.681,0.202565,ms,,,,,
"BM_prop_random/1/16/6/32768",100,51.3565,0.208324,ms,,,,,
"BM_prop_random/2/16/6/32768",100,69.4393,0.208319,ms,,,,,
"BM_prop_random/3/16/6/32768",100,71.2855,0.250512,ms,,,,,
"BM_prop_random/4/16/6/32768",1000,21.356,0.225766,ms,,,,,
"BM_prop_random/5/16/6/32768",1000,23.6332,0.228555,ms,,,,,
"BM_prop_random/6/16/6/32768",1000,16.7669,0.238489,ms,,,,,
"BM_prop_random/7/16/6/32768",100,56.8204,0.217964,ms,,,,,
"BM_prop_random/8/16/6/32768",1000,13.3315,0.221512,ms,,,,,
"BM_prop_random/0/1/10/32768",4,160.518,160.503,ms,,,,,
"BM_prop_random/1/1/10/32768",5,146.615,146.608,ms,,,,,
"BM_prop_random/2/1/10/32768",3,195.694,195.689,ms,,,,,
"BM_prop_random/3/1/10/32768",7,101.248,101.184,ms,,,,,
"BM_prop_random/4/1/10/32768",16,44.309,44.2476,ms,,,,,
"BM_prop_random/5/1/10/32768",10,59.5062,59.4763,ms,,,,,
"BM_prop_random/6/1/10/32768",11,58.5429,58.5437,ms,,,,,
"BM_prop_random/7/1/10/32768",3,282.278,282.283,ms,,,,,
"BM_prop_random/8/1/10/32768",19,36.5299,36.5282,ms,,,,,
"BM_prop_random/0/4/10/32768",100,84.2125,0.303828,ms,,,,,
"BM_prop_random/1/4/10/32768",100,75.6109,0.31426,ms,,,,,
"BM_prop_random/2/4/10/32768",100,160.913,0.255613,ms,,,,,
"BM_prop_random/3/4/10/32768",100,83.9845,0.215892,ms,,,,,
"BM_prop_random/4/4/10/32768",100,29.0889,0.18801,ms,,,,,
"BM_prop_random/5/4/10/32768",100,35.5689,0.241654,ms,,,,,
"BM_prop_random/6/4/10/32768",100,32.6867,0.264711,ms,,,,,
"BM_prop_random/7/4/10/32768",100,104.075,0.267988,ms,,,,,
"BM_prop_random/8/4/10/32768",1000,18.6852,0.249037,ms,,,,,
"BM_prop_random/0/16/10/32768",100,109.06,0.223471,ms,,,,,
"BM_prop_random/1/16/10/32768",100,96.9667,0.187373,ms,,,,,
"BM_prop_random/2/16/10/32768",100,96.3346,0.24694,ms,,,,,
"BM_prop_random/3/16/10/32768",100,47.2437,0.234153,ms,,,,,
"BM_prop_random/4/16/10/32768",1000,22.6357,0.234295,ms,,,,,
"BM_prop_random/5/16/10/32768",100,27.254,0.212583,ms,,,,,
"BM_prop_random/6/16/10/32768",100,27.1871,0.257422,ms,,,,,
"BM_prop_random/7/16/10/32768",100,97.8523,0.240453,ms,,,,,
"BM_prop_random/8/16/10/32768",1000,19.4261,0.22915,ms,,,,,
"BM_prop_random/0/1/14/32768",3,262.254,262.256,ms,,,,,
"BM_prop_random/1/1/14/32768",3,207.394,207.399,ms,,,,,
"BM_prop_random/2/1/14/32768",2,260.541,260.527,ms,,,,,
"BM_prop_random/3/1/14/32768",14,51.3644,51.3614,ms,,,,,
"BM_prop_random/4/1/14/32768",18,41.6778,41.6763,ms,,,,,
"BM_prop_random/5/1/14/32768",14,49.9565,49.9569,ms,,,,,
"BM_prop_random/6/1/14/32768",13,65.9508,65.946,ms,,,,,
"BM_prop_random/7/1/14/32768",3,361.317,361.324,ms,,,,,
"BM_prop_random/8/1/14/32768",18,39.5694,39.565,ms,,,,,
"BM_prop_random/0/4/14/32768",100,149.694,0.209735,ms,,,,,
"BM_prop_random/1/4/14/32768",100,125.957,0.261921,ms,,,,,
"BM_prop_random/2/4/14/32768",100,153.92,0.252235,ms,,,,,
"BM_prop_random/3/4/14/32768",100,28.7058,0.259568,ms,,,,,
"BM_prop_random/4/4/14/32768",1000,20.6218,0.238587,ms,,,,,
"BM_prop_random/5/4/14/32768",100,25.0952,0.258898,ms,,,,,
"BM_prop_random/6/4/14/32768",100,32.1212,0.258851,ms,,,,,
"BM_prop_random/7/4/14/32768",100,154.067,0.243857,ms,,,,,
"BM_prop_random/8/4/14/32768",1000,22.4451,0.26497,ms,,,,,
"BM_prop_random/0/16/14/32768",100,122.54,0.266712,ms,,,,,
"BM_prop_random/1/16/14/32768",100,109.509,0.273367,ms,,,,,
"BM_prop_random/2/16/14/32768",100,144.84,0.263868,ms,,,,,
"BM_prop_random/3/16/14/32768",100,28.8299,0.24484,ms,,,,,
"BM_prop_random/4/16/14/32768",1000,20.3167,0.20932,ms,,,,,
"BM_prop_random/5/16/14/32768",1000,26.9506,0.224291,ms,,,,,
"BM_prop_random/6/16/14/32768",100,32.2052,0.289099,ms,,,,,
"BM_prop_random/7/16/14/32768",100,149.917,0.218443,ms,,,,,
"BM_prop_random/8/16/14/32768",1000,22.1047,0.209453,ms,,,,,
"BM_prop_random/0/1/18/32768",2,385.713,385.719,ms,,,,,
"BM_prop_random/1/1/18/32768",3,290.997,291.002,ms,,,,,
"BM_prop_random/2/1/18/32768",2,340.695,340.699,ms,,,,,
"BM_prop_random/3/1/18/32768",20,37.2848,37.2854,ms,,,,,
"BM_prop_random/4/1/18/32768",23,33.9014,33.9015,ms,,,,,
"BM_prop_random/5/1/18/32768",18,39.6589,39.6596,ms,,,,,
"BM_prop_random/6/1/18/32768",14,57.4826,57.4832,ms,,,,,
"BM_prop_random/7/1/18/32768",2,456.3,456.297,ms,,,,,
"BM_prop_random/8/1/18/32768",16,48.909,48.9084,ms,,,,,
"BM_prop_random/0/4/18/32768",100,166.323,0.299931,ms,,,,,
"BM_prop_random/1/4/18/32768",100,161.718,0.196776,ms,,,,,
"BM_prop_random/2/4/18/32768",100,219.631,0.267412,ms,,,,,
"BM_prop_random/3/4/18/32768",1000,20.5659,0.246364,ms,,,,,
"BM_prop_random/4/4/18/32768",1000,18.523,0.224879,ms,,,,,
"BM_prop_random/5/4/18/32768",1000,22.7798,0.282409,ms,,,,,
"BM_prop_random/6/4/18/32768",100,32.4374,0.238793,ms,,,,,
"BM_prop_random/7/4/18/32768",100,194.598,0.273535,ms,,,,,
"BM_prop_random/8/4/18/32768",100,26.1712,0.263534,ms,,,,,
"BM_prop_random/0/16/18/32768",100,163.529,0.222058,ms,,,,,
"BM_prop_random/1/16/18/32768",100,156.058,0.232874,ms,,,,,
"BM_prop_random/2/16/18/32768",100,214.45,0.231239,ms,,,,,
"BM_prop_random/3/16/18/32768",1000,21.5694,0.221155,ms,,,,,
"BM_prop_random/4/16/18/32768",1000,18.7557,0.222754,ms,,,,,
"BM_prop_random/5/16/18/32768",1000,22.7056,0.218016,ms,,,,,
"BM_prop_random/6/16/18/32768",100,32.7211,0.268988,ms,,,,,
"BM_prop_random/7/16/18/32768",100,193.235,0.266234,ms,,,,,
"BM_prop_random/8/16/18/32768",100,28.2595,0.136158,ms,,,,,
"BM_prop_random/0/1/2/65536",10,65.7053,65.7057,ms,,,,,
"BM_prop_random/1/1/2/65536",17,42.6877,42.6877,ms,,,,,
"BM_prop_random/2/1/2/65536",10,61.6198,61.6201,ms,,,,,
"BM_prop_random/3/1/2/65536",5,142.505,142.505,ms,,,,,
"BM_prop_random/4/1/2/65536",19,37.3287,37.3289,ms,,,,,
"BM_prop_random/5/1/2/65536",16,43.0041,43.0043,ms,,,,,
"BM_prop_random/6/1/2/65536",37,19.2858,19.2856,ms,,,,,
"BM_prop_random/7/1/2/65536",10,63.4289,63.4287,ms,,,,,
"BM_prop_random/8/1/2/65536",34,20.941,20.9409,ms,,,,,
"BM_prop_random/0/4/2/65536",1000,17.8449,0.0835377,ms,,,,,
"BM_prop_random/1/4/2/65536",1000,13.9975,0.105423,ms,,,,,
"BM_prop_random/2/4/2/65536",1000,15.8496,0.14887,ms,,,,,
"BM_prop_random/3/4/2/65536",100,35.4345,0.316461,ms,,,,,
"BM_prop_random/4/4/2/65536",1000,10.0359,0.298518,ms,,,,,
"BM_prop_random/5/4/2/65536",1000,11.464,0.348374,ms,,,,,
"BM_prop_random/6/4/2/65536",1000,5.19485,0.252948,ms,,,,,
"BM_prop_random/7/4/2/65536",1000,16.4531,0.221232,ms,,,,,
"BM_prop_random/8/4/2/65536",1000,5.58365,0.0516496,ms,,,,,
"BM_prop_random/0/16/2/65536",1000,16.1832,0.3067,ms,,,,,
"BM_prop_random/1/16/2/65536",1000,12.118,0.310084,ms,,,,,
"BM_prop_random/2/16/2/65536",1000,14.3743,0.299816,ms,,,,,
"BM_prop_random/3/16/2/65536",100,39.5889,0.306731,ms,,,,,
"BM_prop_random/4/16/2/65536",1000,12.4427,0.211769,ms,,,,,
"BM_prop_random/5/16/2/65536",1000,14.225,0.213064,ms,,,,,
"BM_prop_random/6/16/2/65536",1000,6.86311,0.171877,ms,,,,,
"BM_prop_random/7/16/2/65536",1000,20.3724,0.232889,ms,,,,,
"BM_prop_random/8/16/2/65536",1000,5.64274,0.217548,ms,,,,,
"BM_prop_random/0/1/6/65536",4,158.368,158.37,ms,,,,,
"BM_prop_random/1/1/6/65536",4,153.11,153.11,ms,,,,,
"BM_prop_random/2/1/6/65536",4,203.356,203.357,ms,,,,,
"BM_prop_random/3/1/6/65536",3,254.044,254.046,ms,,,,,
"BM_prop_random/4/1/6/65536",8,80.3837,80.3814,ms,,,,,
"BM_prop_random/5/1/6/65536",7,95.6278,95.6278,ms,,,,,
"BM_prop_random/6/1/6/65536",11,65.0622,65.0616,ms,,,,,
"BM_prop_random/7/1/6/65536",4,196.03,196.029,ms,,,,,
"BM_prop_random/8/1/6/65536",14,48.221,48.2203,ms,,,,,
"BM_prop_random/0/4/6/65536",100,45.7277,0.219006,ms,,,,,
"BM_prop_random/1/4/6/65536",100,38.5134,0.248886,ms,,,,,
"BM_prop_random/2/4/6/65536",100,50.3825,0.252771,ms,,,,,
"BM_prop_random/3/4/6/65536",100,69.8705,0.272586,ms,,,,,
"BM_prop_random/4/4/6/65536",1000,22.3525,0.280758,ms,,,,,
"BM_prop_random/5/4/6/65536",100,25.854,0.211833,ms,,,,,
"BM_prop_random/6/4/6/65536",1000,17.508,0.269812,ms,,,,,
"BM_prop_random/7/4/6/65536",100,57.9542,0.204481,ms,,,,,
"BM_prop_random/8/4/6/65536",1000,13.9066,0.306674,ms,,,,,
"BM_prop_random/0/16/6/65536",100,51.8781,0.281792,ms,,,,,
"BM_prop_random/1/16/6/65536",100,38.5546,0.35623,ms,,,,,
"BM_prop_random/2/16/6/65536",100,50.3832,0.290329,ms,,,,,
"BM_prop_random/3/16/6/65536",100,69.8366,0.346369,ms,,,,,
"BM_prop_random/4/16/6/65536",1000,22.0991,0.301456,ms,,,,,
"BM_prop_random/5/16/6/65536",100,25.3767,0.2888,ms,,,,,
"BM_prop_random/6/16/6/65536",1000,17.8085,0.33948,ms,,,,,
"BM_prop_random/7/16/6/65536",100,56.0902,0.340497,ms,,,,,
"BM_prop_random/8/16/6/65536",1000,13.6225,0.308176,ms,,,,,
"BM_prop_random/0/1/10/65536",2,330.264,330.267,ms,,,,,
"BM_prop_random/1/1/10/65536",3,297.038,297.04,ms,,,,,
"BM_prop_random/2/1/10/65536",2,484.677,484.678,ms,,,,,
"BM_prop_random/3/1/10/65536",4,161.629,161.627,ms,,,,,
"BM_prop_random/4/1/10/65536",9,81.7731,81.7729,ms,,,,,
"BM_prop_random/5/1/10/65536",7,105.838,105.837,ms,,,,,
"BM_prop_random/6/1/10/65536",7,102.362,102.354,ms,,,,,
"BM_prop_random/7/1/10/65536",2,426.1,426.098,ms,,,,,
"BM_prop_random/8/1/10/65536",12,67.4813,67.4812,ms,,,,,
"BM_prop_random/0/4/10/65536",100,89.5531,0.212911,ms,,,,,
"BM_prop_random/1/4/10/65536",100,79.8799,0.204606,ms,,,,,
"BM_prop_random/2/4/10/65536",100,106.916,0.198613,ms,,,,,
"BM_prop_random/3/4/10/65536",100,50.1544,0.329218,ms,,,,,
"BM_prop_random/4/4/10/65536",1000,24.3081,0.185747,ms,,,,,
"BM_prop_random/5/4/10/65536",100,29.7886,0.268831,ms,,,,,
"BM_prop_random/6/4/10/65536",100,28.8075,0.335166,ms,,,,,
"BM_prop_random/7/4/10/65536",100,109.948,0.204949,ms,,,,,
"BM_prop_random/8/4/10/65536",1000,20.1225,0.298595,ms,,,,,
"BM_prop_random/0/16/10/65536",100,90.0767,0.342079,ms,,,,,
"BM_prop_random/1/16/10/65536",100,81.1728,0.33086,ms,,,,,
"BM_prop_random/2/16/10/65536",100,102.116,0.30416,ms,,,,,
"BM_prop_random/3/16/10/65536",100,50.7728,0.285744,ms,,,,,
"BM_prop_random/4/16/10/65536",1000,24.4871,0.309938,ms,,,,,
"BM_prop_random/5/16/10/65536",100,29.5032,0.320237,ms,,,,,
"BM_prop_random/6/16/10/65536",100,31.3957,0.354282,ms,,,,,
"BM_prop_random/7/16/10/65536",100,113.253,0.270066,ms,,,,,
"BM_prop_random/8/16/10/65536",1000,20.0286,0.294542,ms,,,,,
"BM_prop_random/0/1/14/65536",2,527.461,527.466,ms,,,,,
"BM_prop_random/1/1/14/65536",1,555.311,555.319,ms,,,,,
"BM_prop_random/2/1/14/65536",1,527.205,527.207,ms,,,,,
"BM_prop_random/3/1/14/65536",6,115.102,115.098,ms,,,,,
"BM_prop_random/4/1/14/65536",10,76.9853,76.9833,ms,,,,,
"BM_prop_random/5/1/14/65536",7,101.016,101.016,ms,,,,,
"BM_prop_random/6/1/14/65536",5,139.753,139.752,ms,,,,,
"BM_prop_random/7/1/14/65536",1,501.429,501.409,ms,,,,,
"BM_prop_random/8/1/14/65536",7,92.0842,92.0844,ms,,,,,
"BM_prop_random/0/4/14/65536",100,134.95,0.18594,ms,,,,,
"BM_prop_random/1/4/14/65536",100,123.094,0.165872,ms,,,,,
"BM_prop_random/2/4/14/65536",100,165.931,0.229785,ms,,,,,
"BM_prop_random/3/4/14/65536",100,30.635,0.325078,ms,,,,,
"BM_prop_random/4/4/14/65536",1000,22.22,0.283653,ms,,,,,
"BM_prop_random/5/4/14/65536",100,27.0666,0.295118,ms,,,,,
"BM_prop_random/6/4/14/65536",100,34.5673,0.342661,ms,,,,,
"BM_prop_random/7/4/14/65536",100,166.843,0.211255,ms,,,,,
"BM_prop_random/8/4/14/65536",1000,24.3093,0.258382,ms,,,,,
"BM_prop_random/0/16/14/65536",100,133.109,0.33914,ms,,,,,
"BM_prop_random/1/16/14/65536",100,119.747,0.313819,ms,,,,,
"BM_prop_random/2/16/14/65536",100,159.015,0.302761,ms,,,,,
"BM_prop_random/3/16/14/65536",100,30.7742,0.292721,ms,,,,,
"BM_prop_random/4/16/14/65536",1000,22.4789,0.30235,ms,,,,,
"BM_prop_random/5/16/14/65536",100,27.0315,0.272977,ms,,,,,
"BM_prop_random/6/16/14/65536",100,34.3138,0.358344,ms,,,,,
"BM_prop_random/7/16/14/65536",100,164.754,0.376467,ms,,,,,
"BM_prop_random/8/16/14/65536",1000,24.1215,0.267665,ms,,,,,
"BM_prop_random/0/1/18/65536",1,600.372,600.382,ms,,,,,
"BM_prop_random/1/1/18/65536",1,503.084,503.092,ms,,,,,
"BM_prop_random/2/1/18/65536",1,527.493,527.497,ms,,,,,
"BM_prop_random/3/1/18/65536",10,76.5948,76.596,ms,,,,,
"BM_prop_random/4/1/18/65536",13,73.0919,73.0883,ms,,,,,
"BM_prop_random/5/1/18/65536",10,84.095,84.092,ms,,,,,
"BM_prop_random/6/1/18/65536",7,109.173,109.173,ms,,,,,
"BM_prop_random/7/1/18/65536",1,766.607,766.585,ms,,,,,
"BM_prop_random/8/1/18/65536",10,96.7815,96.7809,ms,,,,,
"BM_prop_random/0/4/18/65536",100,179.736,0.237158,ms,,,,,
"BM_prop_random/1/4/18/65536",100,178.199,0.19316,ms,,,,,
"BM_prop_random/2/4/18/65536",100,244.468,0.226856,ms,,,,,
"BM_prop_random/3/4/18/65536",1000,25.9416,0.199428,ms,,,,,
"BM_prop_random/4/4/18/65536",1000,20.2936,0.326087,ms,,,,,
"BM_prop_random/5/4/18/65536",1000,24.3864,0.30403,ms,,,,,
"BM_prop_random/6/4/18/65536",100,34.7585,0.313162,ms,,,,,
"BM_prop_random/7/4/18/65536",100,211.619,0.258098,ms,,,,,
"BM_prop_random/8/4/18/65536",100,28.1212,0.218346,ms,,,,,
"BM_prop_random/0/16/18/65536",100,179.985,0.324973,ms,,,,,
"BM_prop_random/1/16/18/65536",100,176.431,0.297427,ms,,,,,
"BM_prop_random/2/16/18/65536",100,237.14,0.358041,ms,,,,,
"BM_prop_random/3/16/18/65536",1000,22.1238,0.223113,ms,,,,,
"BM_prop_random/4/16/18/65536",1000,20.339,0.283161,ms,,,,,
"BM_prop_random/5/16/18/65536",1000,25.4383,0.326413,ms,,,,,
"BM_prop_random/6/16/18/65536",100,34.9156,0.352734,ms,,,,,
"BM_prop_random/7/16/18/65536",100,209.529,0.396705,ms,,,,,
"BM_prop_random/8/16/18/65536",100,29.3815,0.311939,ms,,,,,
"BM_prop_random/0/1/2/131072",8,117.401,117.403,ms,,,,,
"BM_prop_random/1/1/2/131072",12,95.9399,95.9391,ms,,,,,
"BM_prop_random/2/1/2/131072",9,96.8832,96.8822,ms,,,,,
"BM_prop_random/3/1/2/131072",3,243.49,243.489,ms,,,,,
"BM_prop_random/4/1/2/131072",10,66.74,66.7407,ms,,,,,
"BM_prop_random/5/1/2/131072",9,75.2294,75.228,ms,,,,,
"BM_prop_random/6/1/2/131072",20,35.398,35.3963,ms,,,,,
"BM_prop_random/7/1/2/131072",5,111.506,111.503,ms,,,,,
"BM_prop_random/8/1/2/131072",18,36.517,36.5161,ms,,,,,
"BM_prop_random/0/4/2/131072",100,28.1469,0.253072,ms,,,,,
"BM_prop_random/1/4/2/131072",100,25.8551,0.246577,ms,,,,,
"BM_prop_random/2/4/2/131072",100,26.6315,0.331169,ms,,,,,
"BM_prop_random/3/4/2/131072",100,69.5004,0.210353,ms,,,,,
"BM_prop_random/4/4/2/131072",1000,19.5683,0.241877,ms,,,,,
"BM_prop_random/5/4/2/131072",1000,22.6535,0.227295,ms,,,,,
"BM_prop_random/6/4/2/131072",1000,10.3465,0.326173,ms,,,,,
"BM_prop_random/7/4/2/131072",100,32.0381,0.248672,ms,,,,,
"BM_prop_random/8/4/2/131072",1000,11.1236,0.28407,ms,,,,,
"BM_prop_random/0/16/2/131072",1000,19.4103,0.380975,ms,,,,,
"BM_prop_random/1/16/2/131072",1000,15.1228,0.344005,ms,,,,,
"BM_prop_random/2/16/2/131072",1000,18.2319,0.358769,ms,,,,,
"BM_prop_random/3/16/2/131072",100,41.5126,0.363141,ms,,,,,
"BM_prop_random/4/16/2/131072",1000,12.1107,0.257344,ms,,,,,
"BM_prop_random/5/16/2/131072",1000,14.1097,0.364148,ms,,,,,
"BM_prop_random/6/16/2/131072",1000,6.90512,0.246437,ms,,,,,
"BM_prop_random/7/16/2/131072",1000,20.7387,0.351553,ms,,,,,
"BM_prop_random/8/16/2/131072",1000,7.00872,0.258194,ms,,,,,
"BM_prop_random/0/1/6/131072",2,390.033,390.038,ms,,,,,
"BM_prop_random/1/1/6/131072",3,252.881,252.881,ms,,,,,
"BM_prop_random/2/1/6/131072",2,332.786,332.782,ms,,,,,
"BM_prop_random/3/1/6/131072",2,499.035,499.038,ms,,,,,
"BM_prop_random/4/1/6/131072",4,166.034,166.036,ms,,,,,
"BM_prop_random/5/1/6/131072",3,198.948,198.951,ms,,,,,
"BM_prop_random/6/1/6/131072",5,134.233,134.234,ms,,,,,
"BM_prop_random/7/1/6/131072",2,518.291,518.296,ms,,,,,
"BM_prop_random/8/1/6/131072",7,95.6087,95.6093,ms,,,,,
"BM_prop_random/0/4/6/131072",100,92.6982,0.21266,ms,,,,,
"BM_prop_random/1/4/6/131072",100,77.4245,0.213561,ms,,,,,
"BM_prop_random/2/4/6/131072",100,99.2114,0.34568,ms,,,,,
"BM_prop_random/3/4/6/131072",100,140.126,0.20891,ms,,,,,
"BM_prop_random/4/4/6/131072",100,46.9931,0.247931,ms,,,,,
"BM_prop_random/5/4/6/131072",100,51.4282,0.230751,ms,,,,,
"BM_prop_random/6/4/6/131072",100,35.7751,0.227265,ms,,,,,
"BM_prop_random/7/4/6/131072",100,114.755,0.20391,ms,,,,,
"BM_prop_random/8/4/6/131072",100,27.0258,0.320355,ms,,,,,
"BM_prop_random/0/16/6/131072",100,58.3417,0.363955,ms,,,,,
"BM_prop_random/1/16/6/131072",100,48.644,0.401217,ms,,,,,
"BM_prop_random/2/16/6/131072",100,62.8975,0.372024,ms,,,,,
"BM_prop_random/3/16/6/131072",100,93.9319,0.356216,ms,,,,,
"BM_prop_random/4/16/6/131072",100,28.4609,0.482694,ms,,,,,
"BM_prop_random/5/16/6/131072",100,32.3487,0.430452,ms,,,,,
"BM_prop_random/6/16/6/131072",1000,22.0433,0.415045,ms,,,,,
"BM_prop_random/7/16/6/131072",100,75.0913,0.405422,ms,,,,,
"BM_prop_random/8/16/6/131072",1000,17.0449,0.318077,ms,,,,,
"BM_prop_random/0/1/10/131072",1,644.369,644.279,ms,,,,,
"BM_prop_random/1/1/10/131072",1,528.342,528.351,ms,,,,,
"BM_prop_random/2/1/10/131072",1,727.462,727.472,ms,,,,,
"BM_prop_random/3/1/10/131072",3,299.711,299.69,ms,,,,,
"BM_prop_random/4/1/10/131072",4,159.128,159.124,ms,,,,,
"BM_prop_random/5/1/10/131072",3,204.891,204.871,ms,,,,,
"BM_prop_random/6/1/10/131072",3,230.603,230.602,ms,,,,,
"BM_prop_random/7/1/10/131072",1,1136.14,1136.01,ms,,,,,
"BM_prop_random/8/1/10/131072",6,140.066,140.064,ms,,,,,
"BM_prop_random/0/4/10/131072",100,182.178,0.225783,ms,,,,,
"BM_prop_random/1/4/10/131072",100,159.167,0.218554,ms,,,,,
"BM_prop_random/2/4/10/131072",100,208.027,0.311537,ms,,,,,
"BM_prop_random/3/4/10/131072",100,99.5362,0.269627,ms,,,,,
"BM_prop_random/4/4/10/131072",100,48.9355,0.264381,ms,,,,,
"BM_prop_random/5/4/10/131072",100,59.4612,0.272436,ms,,,,,
"BM_prop_random/6/4/10/131072",100,57.4227,0.327637,ms,,,,,
"BM_prop_random/7/4/10/131072",100,221.484,0.202375,ms,,,,,
"BM_prop_random/8/4/10/131072",100,39.4355,0.177506,ms,,,,,
"BM_prop_random/0/16/10/131072",100,111.216,0.312269,ms,,,,,
"BM_prop_random/1/16/10/131072",100,99.8972,0.316085,ms,,,,,
"BM_prop_random/2/16/10/131072",100,127.622,0.314742,ms,,,,,
"BM_prop_random/3/16/10/131072",100,60.9684,0.31989,ms,,,,,
"BM_prop_random/4/16/10/131072",100,30.5898,0.291712,ms,,,,,
"BM_prop_random/5/16/10/131072",100,35.7865,0.415,ms,,,,,
"BM_prop_random/6/16/10/131072",100,35.4932,0.46565,ms,,,,,
"BM_prop_random/7/16/10/131072",100,134.185,0.411564,ms,,,,,
"BM_prop_random/8/16/10/131072",1000,24.9089,0.37217,ms,,,,,
"BM_prop_random/0/1/14/131072",1,855.263,854.803,ms,,,,,
"BM_prop_random/1/1/14/131072",1,558.293,558.141,ms,,,,,
"BM_prop_random/2/1/14/131072",1,1140.06,1140.02,ms,,,,,
"BM_prop_random/3/1/14/131072",3,222.055,222.054,ms,,,,,
"BM_prop_random/4/1/14/131072",6,160.474,160.473,ms,,,,,
"BM_prop_random/5/1/14/131072",5,192.255,192.256,ms,,,,,
"BM_prop_random/6/1/14/131072",3,320.136,320.134,ms,,,,,
"BM_prop_random/7/1/14/131072",1,1604.24,1603.72,ms,,,,,
"BM_prop_random/8/1/14/131072",5,164.91,164.911,ms,,,,,
"BM_prop_random/0/4/14/131072",100,272.14,0.213483,ms,,,,,
"BM_prop_random/1/4/14/131072",10,262.724,0.257315,ms,,,,,
"BM_prop_random/2/4/14/131072",10,313.699,0.321486,ms,,,,,
"BM_prop_random/3/4/14/131072",100,60.77,0.315057,ms,,,,,
"BM_prop_random/4/4/14/131072",100,43.2351,0.248786,ms,,,,,
"BM_prop_random/5/4/14/131072",100,53.9312,0.214947,ms,,,,,
"BM_prop_random/6/4/14/131072",100,68.2797,0.314038,ms,,,,,
"BM_prop_random/7/4/14/131072",10,305.931,0.171565,ms,,,,,
"BM_prop_random/8/4/14/131072",100,46.4801,0.230349,ms,,,,,
"BM_prop_random/0/16/14/131072",100,170.633,0.441756,ms,,,,,
"BM_prop_random/1/16/14/131072",100,157.696,0.379025,ms,,,,,
"BM_prop_random/2/16/14/131072",100,204.197,0.385574,ms,,,,,
"BM_prop_random/3/16/14/131072",100,37.3645,0.438739,ms,,,,,
"BM_prop_random/4/16/14/131072",100,27.1402,0.430782,ms,,,,,
"BM_prop_random/5/16/14/131072",100,33.8159,0.390181,ms,,,,,
"BM_prop_random/6/16/14/131072",100,42.2548,0.342678,ms,,,,,
"BM_prop_random/7/16/14/131072",100,203.557,0.355519,ms,,,,,
"BM_prop_random/8/16/14/131072",100,29.7831,0.334949,ms,,,,,
"BM_prop_random/0/1/18/131072",1,1313.98,1313.97,ms,,,,,
"BM_prop_random/1/1/18/131072",1,1459.78,1459.77,ms,,,,,
"BM_prop_random/2/1/18/131072",1,1278.87,1278.84,ms,,,,,
"BM_prop_random/3/1/18/131072",4,159.957,159.951,ms,,,,,
"BM_prop_random/4/1/18/131072",4,144.368,144.367,ms,,,,,
"BM_prop_random/5/1/18/131072",3,170.671,170.666,ms,,,,,
"BM_prop_random/6/1/18/131072",3,209.207,209.206,ms,,,,,
"BM_prop_random/7/1/18/131072",1,1778.93,1778.9,ms,,,,,
"BM_prop_random/8/1/18/131072",5,144.655,144.652,ms,,,,,
"BM_prop_random/0/4/18/131072",10,306.52,0.222377,ms,,,,,
"BM_prop_random/1/4/18/131072",10,325.712,0.283476,ms,,,,,
"BM_prop_random/2/4/18/131072",10,441.514,0.312953,ms,,,,,
"BM_prop_random/3/4/18/131072",100,44.2233,0.332046,ms,,,,,
"BM_prop_random/4/4/18/131072",100,40.2253,0.308108,ms,,,,,
"BM_prop_random/5/4/18/131072",100,48.5567,0.261648,ms,,,,,
"BM_prop_random/6/4/18/131072",100,68.9264,0.324768,ms,,,,,
"BM_prop_random/7/4/18/131072",10,386.939,0.325447,ms,,,,,
"BM_prop_random/8/4/18/131072",100,55.423,0.242102,ms,,,,,
"BM_prop_random/0/16/18/131072",100,219.921,0.34142,ms,,,,,
"BM_prop_random/1/16/18/131072",100,210.203,0.317316,ms,,,,,
"BM_prop_random/2/16/18/131072",10,274.802,0.371023,ms,,,,,
"BM_prop_random/3/16/18/131072",100,27.3911,0.356012,ms,,,,,
"BM_prop_random/4/16/18/131072",100,25.1297,0.470127,ms,,,,,
"BM_prop_random/5/16/18/131072",100,29.8201,0.428918,ms,,,,,
"BM_prop_random/6/16/18/131072",100,42.4493,0.283637,ms,,,,,
"BM_prop_random/7/16/18/131072",100,261.66,0.412733,ms,,,,,
"BM_prop_random/8/16/18/131072",100,34.2322,0.406547,ms,,,,,
"BM_prop_random/0/1/2/262144",5,154.178,154.175,ms,,,,,
"BM_prop_random/1/1/2/262144",3,183.775,183.769,ms,,,,,
"BM_prop_random/2/1/2/262144",4,167.144,167.14,ms,,,,,
"BM_prop_random/3/1/2/262144",2,424.9,424.887,ms,,,,,
"BM_prop_random/4/1/2/262144",5,133.086,133.087,ms,,,,,
"BM_prop_random/5/1/2/262144",5,151.618,151.614,ms,,,,,
"BM_prop_random/6/1/2/262144",9,67.897,67.8949,ms,,,,,
"BM_prop_random/7/1/2/262144",3,231.122,231.122,ms,,,,,
"BM_prop_random/8/1/2/262144",9,72.3389,72.3362,ms,,,,,
"BM_prop_random/0/4/2/262144",100,58.405,0.220351,ms,,,,,
"BM_prop_random/1/4/2/262144",100,51.9745,0.209058,ms,,,,,
"BM_prop_random/2/4/2/262144",100,54.3992,0.292332,ms,,,,,
"BM_prop_random/3/4/2/262144",100,139.181,0.234238,ms,,,,,
"BM_prop_random/4/4/2/262144",100,39.1223,0.273955,ms,,,,,
"BM_prop_random/5/4/2/262144",100,44.8349,0.273012,ms,,,,,
"BM_prop_random/6/4/2/262144",1000,20.3715,0.27337,ms,,,,,
"BM_prop_random/7/4/2/262144",100,63.8325,0.226123,ms,,,,,
"BM_prop_random/8/4/2/262144",1000,22.0601,0.320908,ms,,,,,
"BM_prop_random/0/16/2/262144",100,34.8245,0.539787,ms,,,,,
"BM_prop_random/1/16/2/262144",100,30.0905,0.522872,ms,,,,,
"BM_prop_random/2/16/2/262144",100,32.1886,0.609578,ms,,,,,
"BM_prop_random/3/16/2/262144",100,80.5708,0.569481,ms,,,,,
"BM_prop_random/4/16/2/262144",1000,22.3636,0.509918,ms,,,,,
"BM_prop_random/5/16/2/262144",100,25.6003,0.496982,ms,,,,,
"BM_prop_random/6/16/2/262144",1000,12.1801,0.5116,ms,,,,,
"BM_prop_random/7/16/2/262144",100,37.6798,0.565919,ms,,,,,
"BM_prop_random/8/16/2/262144",1000,12.6958,0.472519,ms,,,,,
"BM_prop_random/0/1/6/262144",1,755.323,755.325,ms,,,,,
"BM_prop_random/1/1/6/262144",1,719.266,719.269,ms,,,,,
"BM_prop_random/2/1/6/262144",1,1211.14,1211.14,ms,,,,,
"BM_prop_random/3/1/6/262144",1,888.157,888.15,ms,,,,,
"BM_prop_random/4/1/6/262144",3,319.433,319.423,ms,,,,,
"BM_prop_random/5/1/6/262144",2,340.811,340.809,ms,,,,,
"BM_prop_random/6/1/6/262144",3,239.42,239.418,ms,,,,,
"BM_prop_random/7/1/6/262144",1,759.908,759.89,ms,,,,,
"BM_prop_random/8/1/6/262144",4,188.012,188.011,ms,,,,,
"BM_prop_random/0/4/6/262144",100,188.907,0.206683,ms,,,,,
"BM_prop_random/1/4/6/262144",100,155.089,0.21684,ms,,,,,
"BM_prop_random/2/4/6/262144",100,201.127,0.226889,ms,,,,,
"BM_prop_random/3/4/6/262144",10,284.271,0.228828,ms,,,,,
"BM_prop_random/4/4/6/262144",100,88.5229,0.210252,ms,,,,,
"BM_prop_random/5/4/6/262144",100,102.879,0.215407,ms,,,,,
"BM_prop_random/6/4/6/262144",100,69.4192,0.224257,ms,,,,,
"BM_prop_random/7/4/6/262144",100,228.765,0.212198,ms,,,,,
"BM_prop_random/8/4/6/262144",100,54.7992,0.235587,ms,,,,,
"BM_prop_random/0/16/6/262144",100,108.889,0.670171,ms,,,,,
"BM_prop_random/1/16/6/262144",100,89.3265,0.649637,ms,,,,,
"BM_prop_random/2/16/6/262144",100,117.423,0.616738,ms,,,,,
"BM_prop_random/3/16/6/262144",100,153.106,0.527406,ms,,,,,
"BM_prop_random/4/16/6/262144",100,49.6277,0.563014,ms,,,,,
"BM_prop_random/5/16/6/262144",100,57.6715,0.567419,ms,,,,,
"BM_prop_random/6/16/6/262144",100,38.0321,0.580079,ms,,,,,
"BM_prop_random/7/16/6/262144",100,130.634,0.589539,ms,,,,,
"BM_prop_random/8/16/6/262144",100,30.2512,0.554109,ms,,,,,
"BM_prop_random/0/1/10/262144",1,1485.96,1485.97,ms,,,,,
"BM_prop_random/1/1/10/262144",1,1027.96,1027.97,ms,,,,,
"BM_prop_random/2/1/10/262144",1,1512.5,1512.5,ms,,,,,
"BM_prop_random/3/1/10/262144",1,633.594,633.594,ms,,,,,
"BM_prop_random/4/1/10/262144",2,318.64,318.638,ms,,,,,
"BM_prop_random/5/1/10/262144",2,403.08,403.072,ms,,,,,
"BM_prop_random/6/1/10/262144",2,476.592,476.591,ms,,,,,
"BM_prop_random/7/1/10/262144",1,1800.97,1800.97,ms,,,,,
"BM_prop_random/8/1/10/262144",3,269.536,269.534,ms,,,,,
"BM_prop_random/0/4/10/262144",10,377.323,0.211621,ms,,,,,
"BM_prop_random/1/4/10/262144",10,323.7,0.215321,ms,,,,,
"BM_prop_random/2/4/10/262144",10,447.096,0.369256,ms,,,,,
"BM_prop_random/3/4/10/262144",100,199.447,0.214276,ms,,,,,
"BM_prop_random/4/4/10/262144",100,98.2423,0.200626,ms,,,,,
"BM_prop_random/5/4/10/262144",100,119.279,0.196861,ms,,,,,
"BM_prop_random/6/4/10/262144",100,115.351,0.355657,ms,,,,,
"BM_prop_random/7/4/10/262144",10,454.27,0.236977,ms,,,,,
"BM_prop_random/8/4/10/262144",100,86.9605,0.199576,ms,,,,,
"BM_prop_random/0/16/10/262144",100,202.615,0.54174,ms,,,,,
"BM_prop_random/1/16/10/262144",100,177.738,0.555952,ms,,,,,
"BM_prop_random/2/16/10/262144",100,232.906,0.560196,ms,,,,,
"BM_prop_random/3/16/10/262144",100,108.149,0.595578,ms,,,,,
"BM_prop_random/4/16/10/262144",100,55.1385,0.553264,ms,,,,,
"BM_prop_random/5/16/10/262144",100,67.5858,0.531031,ms,,,,,
"BM_prop_random/6/16/10/262144",100,61.1688,0.539559,ms,,,,,
"BM_prop_random/7/16/10/262144",100,242.203,0.568062,ms,,,,,
"BM_prop_random/8/16/10/262144",100,43.913,0.53366,ms,,,,,
"BM_prop_random/0/1/14/262144",1,1539.41,1539.4,ms,,,,,
"BM_prop_random/1/1/14/262144",1,2234.3,2234.29,ms,,,,,
"BM_prop_random/2/1/14/262144",1,2022.77,2022.74,ms,,,,,
"BM_prop_random/3/1/14/262144",2,412.902,412.9,ms,,,,,
"BM_prop_random/4/1/14/262144",2,307.896,307.895,ms,,,,,
"BM_prop_random/5/1/14/262144",2,408.648,408.641,ms,,,,,
"BM_prop_random/6/1/14/262144",2,400.494,400.463,ms,,,,,
"BM_prop_random/7/1/14/262144",1,2909.95,2909.91,ms,,,,,
"BM_prop_random/8/1/14/262144",2,331.996,331.979,ms,,,,,
"BM_prop_random/0/4/14/262144",10,475.399,0.205644,ms,,,,,
"BM_prop_random/1/4/14/262144",10,528.867,0.238163,ms,,,,,
"BM_prop_random/2/4/14/262144",10,628.902,0.379324,ms,,,,,
"BM_prop_random/3/4/14/262144",100,123.701,0.214447,ms,,,,,
"BM_prop_random/4/4/14/262144",100,87.676,0.21614,ms,,,,,
"BM_prop_random/5/4/14/262144",100,107.893,0.209518,ms,,,,,
"BM_prop_random/6/4/14/262144",100,136.395,0.35399,ms,,,,,
"BM_prop_random/7/4/14/262144",10,628.593,0.225168,ms,,,,,
"BM_prop_random/8/4/14/262144",100,92.0904,0.205466,ms,,,,,
"BM_prop_random/0/16/14/262144",10,264.71,0.529452,ms,,,,,
"BM_prop_random/1/16/14/262144",10,282.979,0.518596,ms,,,,,
"BM_prop_random/2/16/14/262144",10,342.551,0.537235,ms,,,,,
"BM_prop_random/3/16/14/262144",100,67.1133,0.543259,ms,,,,,
"BM_prop_random/4/16/14/262144",100,49.7701,0.579315,ms,,,,,
"BM_prop_random/5/16/14/262144",100,62.3154,0.563861,ms,,,,,
"BM_prop_random/6/16/14/262144",100,71.9641,0.524902,ms,,,,,
"BM_prop_random/7/16/14/262144",10,326.585,0.492757,ms,,,,,
"BM_prop_random/8/16/14/262144",100,51.4807,0.556484,ms,,,,,
"BM_prop_random/0/1/18/262144",1,2181.71,2181.73,ms,,,,,
"BM_prop_random/1/1/18/262144",1,3434.17,3434.15,ms,,,,,
"BM_prop_random/2/1/18/262144",1,3716.47,3716.49,ms,,,,,
"BM_prop_random/3/1/18/262144",3,320.487,320.487,ms,,,,,
"BM_prop_random/4/1/18/262144",3,257.568,257.569,ms,,,,,
"BM_prop_random/5/1/18/262144",3,317.051,317.052,ms,,,,,
"BM_prop_random/6/1/18/262144",2,417.185,417.183,ms,,,,,
"BM_prop_random/7/1/18/262144",1,3028.63,3028.63,ms,,,,,
"BM_prop_random/8/1/18/262144",2,394.04,394.039,ms,,,,,
"BM_prop_random/0/4/18/262144",10,614.79,0.329525,ms,,,,,
"BM_prop_random/1/4/18/262144",10,657.837,0.317367,ms,,,,,
"BM_prop_random/2/4/18/262144",10,871.85,0.363735,ms,,,,,
"BM_prop_random/3/4/18/262144",100,92.4448,0.206856,ms,,,,,
"BM_prop_random/4/4/18/262144",100,80.4123,0.22889,ms,,,,,
"BM_prop_random/5/4/18/262144",100,96.3064,0.324268,ms,,,,,
"BM_prop_random/6/4/18/262144",100,138.467,0.283602,ms,,,,,
"BM_prop_random/7/4/18/262144",10,801.927,0.238331,ms,,,,,
"BM_prop_random/8/4/18/262144",100,111.559,0.218242,ms,,,,,
"BM_prop_random/0/16/18/262144",10,338.161,0.547823,ms,,,,,
"BM_prop_random/1/16/18/262144",10,347.888,0.481125,ms,,,,,
"BM_prop_random/2/16/18/262144",10,467.191,0.455477,ms,,,,,
"BM_prop_random/3/16/18/262144",100,50.2673,0.557221,ms,,,,,
"BM_prop_random/4/16/18/262144",100,46.2775,0.494574,ms,,,,,
"BM_prop_random/5/16/18/262144",100,56.6703,0.595774,ms,,,,,
"BM_prop_random/6/16/18/262144",100,72.7726,0.528261,ms,,,,,
"BM_prop_random/7/16/18/262144",10,400.798,0.56029,ms,,,,,
"BM_prop_random/8/16/18/262144",100,61.0716,0.550171,ms,,,,,
"BM_prop_full/0/1/2",65965,0.01029,0.0102902,ms,,,,,
"BM_prop_full/1/1/2",73761,0.00913103,0.00913108,ms,,,,,
"BM_prop_full/2/1/2",65750,0.0107398,0.0107395,ms,,,,,
"BM_prop_full/3/1/2",33769,0.0207592,0.0207593,ms,,,,,
"BM_prop_full/4/1/2",174075,0.00402373,0.0040237,ms,,,,,
"BM_prop_full/5/1/2",153096,0.00452831,0.00452821,ms,,,,,
"BM_prop_full/6/1/2",234303,0.00285725,0.00285727,ms,,,,,
"BM_prop_full/7/1/2",59274,0.0116346,0.0116344,ms,,,,,
"BM_prop_full/8/1/2",338308,0.00208643,0.00208642,ms,,,,,
"BM_prop_full/0/4/2",48419,0.03384,0.0142119,ms,,,,,
"BM_prop_full/1/4/2",48520,0.0326962,0.0141684,ms,,,,,
"BM_prop_full/2/4/2",46898,0.0342649,0.0142434,ms,,,,,
"BM_prop_full/3/4/2",48011,0.045985,0.0145641,ms,,,,,
"BM_prop_full/4/4/2",48341,0.0268452,0.0142177,ms,,,,,
"BM_prop_full/5/4/2",48415,0.0280244,0.0145073,ms,,,,,
"BM_prop_full/6/4/2",48599,0.0253242,0.0138073,ms,,,,,
"BM_prop_full/7/4/2",48074,0.0358709,0.0144378,ms,,,,,
"BM_prop_full/8/4/2",50250,0.0244812,0.0138815,ms,,,,,
"BM_prop_full/0/16/2",48077,0.035617,0.0144366,ms,,,,,
"BM_prop_full/1/16/2",47304,0.0341147,0.014394,ms,,,,,
"BM_prop_full/2/16/2",47348,0.0369342,0.0144617,ms,,,,,
"BM_prop_full/3/16/2",47374,0.0479857,0.0146334,ms,,,,,
"BM_prop_full/4/16/2",48173,0.0281295,0.0147536,ms,,,,,
"BM_prop_full/5/16/2",47495,0.0286251,0.0145323,ms,,,,,
"BM_prop_full/6/16/2",48381,0.0262779,0.0145509,ms,,,,,
"BM_prop_full/7/16/2",47603,0.0374572,0.0143935,ms,,,,,
"BM_prop_full/8/16/2",48656,0.0257058,0.0143137,ms,,,,,
"BM_prop_full/0/1/6",3322,0.208125,0.208127,ms,,,,,
"BM_prop_full/1/1/6",3979,0.176569,0.176569,ms,,,,,
"BM_prop_full/2/1/6",3115,0.223521,0.223521,ms,,,,,
"BM_prop_full/3/1/6",2449,0.28583,0.28583,ms,,,,,
"BM_prop_full/4/1/6",8450,0.083945,0.0839439,ms,,,,,
"BM_prop_full/5/1/6",7270,0.0972553,0.0972554,ms,,,,,
"BM_prop_full/6/1/6",11137,0.0634057,0.0634047,ms,,,,,
"BM_prop_full/7/1/6",2840,0.247396,0.247398,ms,,,,,
"BM_prop_full/8/1/6",15055,0.0460657,0.0460648,ms,,,,,
"BM_prop_full/0/4/6",47846,0.245922,0.014614,ms,,,,,
"BM_prop_full/1/4/6",48907,0.210522,0.0146421,ms,,,,,
"BM_prop_full/2/4/6",10000,0.253428,0.0148932,ms,,,,,
"BM_prop_full/3/4/6",10000,0.318782,0.015034,ms,,,,,
"BM_prop_full/4/4/6",47750,0.110895,0.0145329,ms,,,,,
"BM_prop_full/5/4/6",46565,0.124388,0.0145404,ms,,,,,
"BM_prop_full/6/4/6",47152,0.089344,0.0144913,ms,,,,,
"BM_prop_full/7/4/6",10000,0.285892,0.0151008,ms,,,,,
"BM_prop_full/8/4/6",46347,0.0718318,0.0149706,ms,,,,,
"BM_prop_full/0/16/6",10000,0.27097,0.015448,ms,,,,,
"BM_prop_full/1/16/6",46837,0.227991,0.015329,ms,,,,,
"BM_prop_full/2/16/6",10000,0.279008,0.0158703,ms,,,,,
"BM_prop_full/3/16/6",10000,0.403899,0.016206,ms,,,,,
"BM_prop_full/4/16/6",48161,0.113299,0.0145943,ms,,,,,
"BM_prop_full/5/16/6",47359,0.126817,0.0145769,ms,,,,,
"BM_prop_full/6/16/6",49697,0.0909043,0.0144795,ms,,,,,
"BM_prop_full/7/16/6",10000,0.298982,0.0152122,ms,,,,,
"BM_prop_full/8/16/6",47112,0.0736052,0.014652,ms,,,,,
"BM_prop_full/0/1/10",163,4.23635,4.23641,ms,,,,,
"BM_prop_full/1/1/10",195,3.65543,3.65542,ms,,,,,
"BM_prop_full/2/1/10",100,5.06105,5.06101,ms,,,,,
"BM_prop_full/3/1/10",285,2.39333,2.39337,ms,,,,,
"BM_prop_full/4/1/10",557,1.24012,1.24012,ms,,,,,
"BM_prop_full/5/1/10",456,1.60223,1.60223,ms,,,,,
"BM_prop_full/6/1/10",643,1.08482,1.08481,ms,,,,,
"BM_prop_full/7/1/10",140,5.17391,5.17392,ms,,,,,
"BM_prop_full/8/1/10",745,0.931139,0.931111,ms,,,,,
"BM_prop_full/0/4/10",1000,4.61523,0.165915,ms,,,,,
"BM_prop_full/1/4/10",1000,4.0224,0.203502,ms,,,,,
"BM_prop_full/2/4/10",1000,5.23297,0.184225,ms,,,,,
"BM_prop_full/3/4/10",1000,2.70006,0.0691239,ms,,,,,
"BM_prop_full/4/4/10",10000,1.40908,0.0181035,ms,,,,,
"BM_prop_full/5/4/10",10000,1.71662,0.0195204,ms,,,,,
"BM_prop_full/6/4/10",10000,1.18543,0.0163404,ms,,,,,
"BM_prop_full/7/4/10",1000,5.42714,0.193956,ms,,,,,
"BM_prop_full/8/4/10",10000,1.02548,0.0166113,ms,,,,,
"BM_prop_full/0/16/10",1000,4.55441,0.174924,ms,,,,,
"BM_prop_full/1/16/10",1000,3.91373,0.178795,ms,,,,,
"BM_prop_full/2/16/10",1000,5.16541,0.187128,ms,,,,,
"BM_prop_full/3/16/10",1000,2.76016,0.169772,ms,,,,,
"BM_prop_full/4/16/10",10000,1.42453,0.0187221,ms,,,,,
"BM_prop_full/5/16/10",10000,1.68186,0.0211119,ms,,,,,
"BM_prop_full/6/16/10",10000,1.23266,0.0180581,ms,,,,,
"BM_prop_full/7/16/10",1000,5.30228,0.174795,ms,,,,,
"BM_prop_full/8/16/10",10000,1.07888,0.017816,ms,,,,,
"BM_prop_full/0/1/14",6,97.7947,97.7952,ms,,,,,
"BM_prop_full/1/1/14",9,81.9194,81.9195,ms,,,,,
"BM_prop_full/2/1/14",6,101.094,101.094,ms,,,,,
"BM_prop_full/3/1/14",35,20.8315,20.8316,ms,,,,,
"BM_prop_full/4/1/14",42,15.5869,15.5869,ms,,,,,
"BM_prop_full/5/1/14",32,20.4127,20.4128,ms,,,,,
"BM_prop_full/6/1/14",39,16.9687,16.9688,ms,,,,,
"BM_prop_full/7/1/14",8,94.0805,94.0812,ms,,,,,
"BM_prop_full/8/1/14",46,15.0502,15.0501,ms,,,,,
"BM_prop_full/0/4/14",100,81.2324,0.184503,ms,,,,,
"BM_prop_full/1/4/14",100,77.9285,0.183466,ms,,,,,
"BM_prop_full/2/4/14",100,104.285,0.187905,ms,,,,,
"BM_prop_full/3/4/14",1000,21.1133,0.185341,ms,,,,,
"BM_prop_full/4/4/14",1000,16.4021,0.185609,ms,,,,,
"BM_prop_full/5/4/14",1000,21.3035,0.192255,ms,,,,,
"BM_prop_full/6/4/14",1000,17.7956,0.218796,ms,,,,,
"BM_prop_full/7/4/14",100,103.67,0.224179,ms,,,,,
"BM_prop_full/8/4/14",1000,15.6851,0.150495,ms,,,,,
"BM_prop_full/0/16/14",100,81.8863,0.181357,ms,,,,,
"BM_prop_full/1/16/14",100,75.9798,0.189347,ms,,,,,
"BM_prop_full/2/16/14",100,103.73,0.175873,ms,,,,,
"BM_prop_full/3/16/14",1000,21.2011,0.18883,ms,,,,,
"BM_prop_full/4/16/14",1000,16.3377,0.185815,ms,,,,,
"BM_prop_full/5/16/14",1000,21.1029,0.171925,ms,,,,,
"BM_prop_full/6/16/14",1000,17.5932,0.188041,ms,,,,,
"BM_prop_full/7/16/14",100,102.056,0.180019,ms,,,,,
"BM_prop_full/8/16/14",1000,15.934,0.197064,ms,,,,,
"BM_prop_full/0/1/18",1,1572.82,1572.83,ms,,,,,
"BM_prop_full/1/1/18",1,1856.45,1856.41,ms,,,,,
"BM_prop_full/2/1/18",1,3046.67,3046.61,ms,,,,,
"BM_prop_full/3/1/18",3,213.227,213.214,ms,,,,,
"BM_prop_full/4/1/18",4,199.131,199.121,ms,,,,,
"BM_prop_full/5/1/18",3,295.394,295.394,ms,,,,,
"BM_prop_full/6/1/18",3,240.597,240.595,ms,,,,,
"BM_prop_full/7/1/18",1,1835.69,1835.66,ms,,,,,
"BM_prop_full/8/1/18",4,206.091,206.091,ms,,,,,
"BM_prop_full/0/4/18",10,451.662,0.308071,ms,,,,,
"BM_prop_full/1/4/18",10,444.995,0.358394,ms,,,,,
"BM_prop_full/2/4/18",10,644.97,0.330175,ms,,,,,
"BM_prop_full/3/4/18",100,68.8643,0.557784,ms,,,,,
"BM_prop_full/4/4/18",100,57.298,0.512691,ms,,,,,
"BM_prop_full/5/4/18",100,78.7345,0.460284,ms,,,,,
"BM_prop_full/6/4/18",100,70.0036,0.378546,ms,,,,,
"BM_prop_full/7/4/18",10,509.123,0.319117,ms,,,,,
"BM_prop_full/8/4/18",100,72.5182,0.34576,ms,,,,,
"BM_prop_full/0/16/18",10,268.63,0.604121,ms,,,,,
"BM_prop_full/1/16/18",10,264.686,0.660252,ms,,,,,
"BM_prop_full/2/16/18",10,366.53,0.616016,ms,,,,,
"BM_prop_full/3/16/18",100,41.2185,1.09549,ms,,,,,
"BM_prop_full/4/16/18",100,34.7719,0.900468,ms,,,,,
"BM_prop_full/5/16/18",100,47.1228,0.88792,ms,,,,,
"BM_prop_full/6/16/18",100,40.4354,0.715077,ms,,,,,
"BM_prop_full/7/16/18",10,292.512,0.626244,ms,,,,,
"BM_prop_full/8/16/18",100,41.5347,0.697447,ms,,,,,
"BM_prop_tree/0/1/2",70955,0.0092638,0.00926386,ms,,,,,
"BM_prop_tree/1/1/2",85141,0.00836628,0.0083664,ms,,,,,
"BM_prop_tree/2/1/2",72406,0.00969875,0.00969876,ms,,,,,
"BM_prop_tree/3/1/2",39619,0.0174828,0.0174827,ms,,,,,
"BM_prop_tree/4/1/2",187617,0.00375776,0.00375779,ms,,,,,
"BM_prop_tree/5/1/2",166668,0.0042635,0.00426354,ms,,,,,
"BM_prop_tree/6/1/2",262493,0.00267451,0.0026745,ms,,,,,
"BM_prop_tree/7/1/2",67577,0.0103508,0.0103507,ms,,,,,
"BM_prop_tree/8/1/2",342730,0.00202716,0.00202717,ms,,,,,
"BM_prop_tree/0/4/2",49416,0.0321172,0.0140229,ms,,,,,
"BM_prop_tree/1/4/2",51537,0.0311986,0.0142028,ms,,,,,
"BM_prop_tree/2/4/2",49700,0.0315292,0.0132904,ms,,,,,
"BM_prop_tree/3/4/2",48638,0.0412351,0.0140148,ms,,,,,
"BM_prop_tree/4/4/2",50370,0.0253801,0.0135048,ms,,,,,
"BM_prop_tree/5/4/2",50191,0.0261664,0.0136378,ms,,,,,
"BM_prop_tree/6/4/2",52362,0.0244756,0.0134267,ms,,,,,
"BM_prop_tree/7/4/2",50087,0.0334705,0.0142603,ms,,,,,
"BM_prop_tree/8/4/2",51181,0.0235615,0.0133657,ms,,,,,
"BM_prop_tree/0/16/2",49479,0.0333204,0.0142049,ms,,,,,
"BM_prop_tree/1/16/2",49299,0.0320979,0.0139681,ms,,,,,
"BM_prop_tree/2/16/2",49046,0.0345751,0.0138447,ms,,,,,
"BM_prop_tree/3/16/2",49847,0.0417168,0.0135878,ms,,,,,
"BM_prop_tree/4/16/2",49993,0.0265821,0.0141087,ms,,,,,
"BM_prop_tree/5/16/2",49678,0.0272581,0.0141738,ms,,,,,
"BM_prop_tree/6/16/2",48777,0.0250898,0.0139628,ms,,,,,
"BM_prop_tree/7/16/2",49010,0.0343957,0.0141169,ms,,,,,
"BM_prop_tree/8/16/2",49799,0.0242411,0.0138306,ms,,,,,
"BM_prop_tree/0/1/6",7771,0.0916383,0.0916397,ms,,,,,
"BM_prop_tree/1/1/6",8801,0.0784155,0.0784154,ms,,,,,
"BM_prop_tree/2/1/6",7466,0.0957875,0.0957871,ms,,,,,
"BM_prop_tree/3/1/6",4540,0.156192,0.15619,ms,,,,,
"BM_prop_tree/4/1/6",18927,0.0375396,0.0375396,ms,,,,,
"BM_prop_tree/5/1/6",16964,0.0413618,0.0413614,ms,,,,,
"BM_prop_tree/6/1/6",21280,0.0326439,0.0326442,ms,,,,,
"BM_prop_tree/7/1/6",6728,0.103917,0.103916,ms,,,,,
"BM_prop_tree/8/1/6",33635,0.0207477,0.0207469,ms,,,,,
"BM_prop_tree/0/4/6",47857,0.117154,0.014999,ms,,,,,
"BM_prop_tree/1/4/6",48055,0.10389,0.0143513,ms,,,,,
"BM_prop_tree/2/4/6",49015,0.122183,0.0139624,ms,,,,,
"BM_prop_tree/3/4/6",49645,0.182963,0.0138652,ms,,,,,
"BM_prop_tree/4/4/6",49168,0.0598077,0.0140317,ms,,,,,
"BM_prop_tree/5/4/6",50242,0.0646041,0.0139744,ms,,,,,
"BM_prop_tree/6/4/6",48730,0.0561872,0.0141056,ms,,,,,
"BM_prop_tree/7/4/6",49404,0.132447,0.01441,ms,,,,,
"BM_prop_tree/8/4/6",48327,0.0430448,0.0140673,ms,,,,,
"BM_prop_tree/0/16/6",48245,0.119636,0.0142752,ms,,,,,
"BM_prop_tree/1/16/6",48112,0.10568,0.0138009,ms,,,,,
"BM_prop_tree/2/16/6",49140,0.128649,0.0144757,ms,,,,,
"BM_prop_tree/3/16/6",48516,0.187497,0.013924,ms,,,,,
"BM_prop_tree/4/16/6",47482,0.0614652,0.0140069,ms,,,,,
"BM_prop_tree/5/16/6",47379,0.0668601,0.014061,ms,,,,,
"BM_prop_tree/6/16/6",48854,0.0573173,0.014,ms,,,,,
"BM_prop_tree/7/16/6",48448,0.13996,0.0146688,ms,,,,,
"BM_prop_tree/8/16/6",47926,0.0446775,0.0141358,ms,,,,,
"BM_prop_tree/0/1/10",702,0.972729,0.972747,ms,,,,,
"BM_prop_tree/1/1/10",879,0.878959,0.878976,ms,,,,,
"BM_prop_tree/2/1/10",620,1.15305,1.15307,ms,,,,,
"BM_prop_tree/3/1/10",924,0.73624,0.736247,ms,,,,,
"BM_prop_tree/4/1/10",2688,0.261301,0.261293,ms,,,,,
"BM_prop_tree/5/1/10",2161,0.319882,0.31988,ms,,,,,
"BM_prop_tree/6/1/10",1885,0.364809,0.364811,ms,,,,,
"BM_prop_tree/7/1/10",568,1.13447,1.13446,ms,,,,,
"BM_prop_tree/8/1/10",3026,0.226827,0.226827,ms,,,,,
"BM_prop_tree/0/4/10",10000,1.06641,0.0164394,ms,,,,,
"BM_prop_tree/1/4/10",10000,1.00939,0.0170308,ms,,,,,
"BM_prop_tree/2/4/10",10000,1.3198,0.0176761,ms,,,,,
"BM_prop_tree/3/4/10",10000,0.851149,0.0168186,ms,,,,,
"BM_prop_tree/4/4/10",10000,0.287792,0.0148166,ms,,,,,
"BM_prop_tree/5/4/10",10000,0.351949,0.0147966,ms,,,,,
"BM_prop_tree/6/4/10",10000,0.396215,0.0148714,ms,,,,,
"BM_prop_tree/7/4/10",10000,1.31931,0.0175047,ms,,,,,
"BM_prop_tree/8/4/10",10000,0.254009,0.0148964,ms,,,,,
"BM_prop_tree/0/16/10",10000,1.13349,0.0179761,ms,,,,,
"BM_prop_tree/1/16/10",10000,1.01994,0.0176359,ms,,,,,
"BM_prop_tree/2/16/10",10000,1.32063,0.0188327,ms,,,,,
"BM_prop_tree/3/16/10",10000,0.912718,0.0172879,ms,,,,,
"BM_prop_tree/4/16/10",10000,0.319949,0.0149317,ms,,,,,
"BM_prop_tree/5/16/10",10000,0.389599,0.0152429,ms,,,,,
"BM_prop_tree/6/16/10",10000,0.437078,0.0156389,ms,,,,,
"BM_prop_tree/7/16/10",10000,1.30549,0.0187588,ms,,,,,
"BM_prop_tree/8/16/10",10000,0.275548,0.0149043,ms,,,,,
"BM_prop_tree/0/1/14",50,12.4781,12.4782,ms,,,,,
"BM_prop_tree/1/1/14",53,13.2788,13.279,ms,,,,,
"BM_prop_tree/2/1/14",40,17.1183,17.1183,ms,,,,,
"BM_prop_tree/3/1/14",272,2.56203,2.56204,ms,,,,,
"BM_prop_tree/4/1/14",457,1.50779,1.5078,ms,,,,,
"BM_prop_tree/5/1/14",324,2.15111,2.15109,ms,,,,,
"BM_prop_tree/6/1/14",168,4.16482,4.16482,ms,,,,,
"BM_prop_tree/7/1/14",40,16.1007,16.1002,ms,,,,,
"BM_prop_tree/8/1/14",259,2.68283,2.68283,ms,,,,,
"BM_prop_tree/0/4/14",1000,4.09521,0.0617437,ms,,,,,
"BM_prop_tree/1/4/14",1000,4.09153,0.0918989,ms,,,,,
"BM_prop_tree/2/4/14",1000,5.99268,0.274083,ms,,,,,
"BM_prop_tree/3/4/14",13237,1.49716,0.0547587,ms,,,,,
"BM_prop_tree/4/4/14",10000,0.683186,0.0432075,ms,,,,,
"BM_prop_tree/5/4/14",10000,0.919732,0.0447865,ms,,,,,
"BM_prop_tree/6/4/14",10000,1.42628,0.0439213,ms,,,,,
"BM_prop_tree/7/4/14",1000,5.14757,0.151345,ms,,,,,
"BM_prop_tree/8/4/14",10000,0.984918,0.039413,ms,,,,,
"BM_prop_tree/0/16/14",1000,4.83776,0.109796,ms,,,,,
"BM_prop_tree/1/16/14",1000,4.58752,0.155332,ms,,,,,
"BM_prop_tree/2/16/14",1000,6.29766,0.273684,ms,,,,,
"BM_prop_tree/3/16/14",11769,1.66453,0.0563671,ms,,,,,
"BM_prop_tree/4/16/14",10000,0.785772,0.0468367,ms,,,,,
"BM_prop_tree/5/16/14",10000,1.02773,0.0482963,ms,,,,,
"BM_prop_tree/6/16/14",10000,1.58684,0.0481635,ms,,,,,
"BM_prop_tree/7/16/14",1000,5.59181,0.249413,ms,,,,,
"BM_prop_tree/8/16/14",10000,1.08206,0.0438955,ms,,,,,
"BM_prop_tree/0/1/18",4,194.878,194.882,ms,,,,,
"BM_prop_tree/1/1/18",3,238.561,238.547,ms,,,,,
"BM_prop_tree/2/1/18",1,564.538,564.539,ms,,,,,
"BM_prop_tree/3/1/18",102,7.13327,7.13319,ms,,,,,
"BM_prop_tree/4/1/18",91,7.49634,7.49643,ms,,,,,
"BM_prop_tree/5/1/18",62,11.4804,11.4801,ms,,,,,
"BM_prop_tree/6/1/18",16,42.8597,42.8602,ms,,,,,
"BM_prop_tree/7/1/18",9,192.288,192.279,ms,,,,,
"BM_prop_tree/8/1/18",24,34.7474,34.7466,ms,,,,,
"BM_prop_tree/0/4/18",100,51.2537,0.784504,ms,,,,,
"BM_prop_tree/1/4/18",100,59.7086,0.825059,ms,,,,,
"BM_prop_tree/2/4/18",100,86.1147,0.809044,ms,,,,,
"BM_prop_tree/3/4/18",1000,4.12979,0.090769,ms,,,,,
"BM_prop_tree/4/4/18",1000,3.4012,0.181928,ms,,,,,
"BM_prop_tree/5/4/18",1000,4.93548,0.0826882,ms,,,,,
"BM_prop_tree/6/4/18",1351,13.8469,0.4809,ms,,,,,
"BM_prop_tree/7/4/18",100,63.8519,0.803188,ms,,,,,
"BM_prop_tree/8/4/18",1000,12.2749,0.316118,ms,,,,,
"BM_prop_tree/0/16/18",100,30.642,0.861358,ms,,,,,
"BM_prop_tree/1/16/18",100,34.2503,0.893224,ms,,,,,
"BM_prop_tree/2/16/18",100,49.6759,0.8782,ms,,,,,
"BM_prop_tree/3/16/18",1000,2.5286,0.294491,ms,,,,,
"BM_prop_tree/4/16/18",2383,2.00495,0.291818,ms,,,,,
"BM_prop_tree/5/16/18",1000,2.90063,0.285879,ms,,,,,
"BM_prop_tree/6/16/18",1000,7.50492,0.408319,ms,,,,,
"BM_prop_tree/7/16/18",100,36.569,0.811503,ms,,,,,
"BM_prop_tree/8/16/18",1000,6.59743,0.385705,ms,,,,,
